01/13/19,70709,BDO
06/11/18,52929,BDO
11/08/18,97992,BDO
03/22/18,73907,BDO
01/31/18,81014,BDO
02/16/18,75234,BDO
01/18/18,61651,BDO
10/31/18,53343,BDO
01/04/18,68626,BDO
07/02/18,74802,BDO
02/02/18,63404,BDO
03/27/19,74668,BDO
11/23/18,81026,BDO
02/05/19,86949,BDO
08/15/18,84449,BDO
05/05/18,84003,BDO
07/02/18,87746,BDO
09/17/18,57557,BDO
02/25/19,65847,BDO
11/14/18,68167,BDO
04/20/18,68536,BDO
01/12/19,54907,BDO
03/04/19,60020,BDO
03/17/18,90338,BDO
09/25/18,82062,BDO
06/06/18,50611,BDO
08/31/18,68277,BDO
06/13/18,81453,BDO
04/06/18,85940,BDO
12/14/18,59390,BDO
06/07/18,95837,BDO
10/19/18,86033,BDO
12/13/18,60319,BDO
01/31/18,69024,BDO
10/06/18,87464,BDO
01/06/18,81705,BDO
06/10/18,63600,BDO
12/10/18,74470,BDO
07/15/18,52741,BDO
07/12/18,76964,BDO
05/24/18,56071,BDO
05/23/18,91569,BDO
06/08/18,94021,BDO
05/16/18,99979,BDO
03/29/19,81175,BDO
10/19/18,74355,BDO
06/12/18,86473,BDO
07/31/18,74009,BDO
03/27/19,52347,BDO
11/25/18,62155,BDO
05/07/18,94500,BDO
12/18/18,60921,BDO
01/03/19,63241,BDO
03/25/18,86673,BDO
11/11/18,62233,BDO
11/01/18,85374,BDO
05/16/18,97428,BDO
05/30/18,65741,BDO
03/11/19,69796,BDO
09/28/18,59203,BDO
01/19/19,76035,BDO
12/26/18,88661,BDO
11/19/18,59629,BDO
08/18/18,64844,BDO
05/20/18,94539,BDO
08/12/18,62544,BDO
09/07/18,78934,BDO
04/27/18,62044,BDO
06/06/18,78130,BDO
07/11/18,91635,BDO
09/11/18,60828,BDO
03/05/19,87865,BDO
02/19/19,53374,BDO
07/26/18,51075,BDO
08/28/18,79363,BDO
11/28/18,66189,BDO
07/04/18,67499,BDO
03/05/18,54055,BDO
12/20/18,58876,BDO
06/22/18,86529,BDO
06/09/18,65137,BDO
08/07/18,92218,BDO
01/04/19,65201,BDO
03/16/18,64610,BDO
11/23/18,65410,BDO
08/11/18,86653,BDO
11/25/18,55049,BDO
03/14/19,53964,BDO
01/24/19,91905,BDO
10/01/18,63426,BDO
02/17/18,68720,BDO
03/11/18,92264,BDO
10/15/18,99828,BDO
04/06/18,64586,BDO
04/16/18,85618,BDO
06/16/18,70001,BDO
02/18/19,65607,BDO
09/07/18,66162,BDO
06/18/18,67220,BDO
01/25/18,69461,BDO
08/07/18,55372,BDO
10/17/18,74962,BDO
02/24/19,71796,BDO
01/26/19,58157,BDO
03/11/18,62311,BDO
11/15/18,63643,BDO
09/22/18,74753,BDO
11/27/18,66532,BDO
08/09/18,61890,BDO
03/12/19,87096,BDO
03/12/19,70008,BDO
08/16/18,99978,BDO
01/26/18,64456,BDO
07/02/18,92719,BDO
05/02/18,75371,BDO
02/03/19,75213,BDO
04/20/18,58167,BDO
05/27/18,93044,BDO
10/20/18,79042,BDO
08/01/18,70036,BDO
08/21/18,66954,BDO
08/20/18,82411,BDO
08/31/18,91145,BDO
03/21/19,71110,BDO
12/15/18,51607,BDO
11/09/18,87074,BDO
09/10/18,94192,BDO
08/14/18,78106,BDO
01/05/19,56491,BDO
02/05/19,61515,BDO
04/25/18,85588,BDO
02/10/19,99088,BDO
10/19/18,53397,BDO
01/03/19,75748,BDO
03/28/19,90914,BDO
04/07/18,55806,BDO
01/30/18,59695,BDO
01/07/18,84944,BDO
04/03/18,92075,BDO
09/04/18,77832,BDO
01/12/18,53076,BDO
05/17/18,56250,BDO
01/15/18,68567,BDO
04/21/18,87167,BDO
06/29/18,73964,BDO
02/02/18,86360,BDO
01/19/19,92352,BDO
12/04/18,51334,BDO
02/05/18,94951,BDO
03/06/19,83581,BDO
08/15/18,61371,BDO
10/30/18,73668,BDO
02/17/18,78341,BDO
04/22/18,53049,BDO
04/06/18,98758,BDO
02/19/18,97152,BDO
01/18/19,52371,BDO
04/17/18,99263,BDO
03/11/18,88447,BDO
03/22/19,66819,BDO
03/27/18,56264,BDO
03/31/18,93003,BDO
02/14/19,68970,BDO
08/26/18,79871,BDO
01/20/19,54970,BDO
03/11/19,57062,BDO
10/25/18,83066,BDO
10/24/18,50908,BDO
01/18/18,65526,BDO
10/05/18,67164,BDO
10/12/18,96528,BDO
03/21/19,55499,BDO
03/07/19,91388,BDO
01/02/19,64048,BDO
08/11/18,84933,BDO
05/24/18,56288,BDO
07/20/18,76403,BDO
11/10/18,56633,BDO
01/20/19,95116,BDO
06/01/18,76382,BDO
08/30/18,73871,BDO
09/13/18,93039,BDO
02/15/19,52050,BDO
05/04/18,93465,BDO
08/16/18,53613,BDO
12/12/18,78631,BDO
08/20/18,65512,BDO
07/08/18,93130,BDO
08/06/18,80853,BDO
03/29/18,60544,BDO
12/07/18,97478,BDO
01/29/18,50615,BDO
10/16/18,58103,BDO
06/16/18,87203,BDO
11/17/18,93953,BDO
02/24/18,62322,BDO
02/23/18,80079,BDO
03/19/18,66202,BDO
05/08/18,56907,BDO
03/24/19,71047,BDO
05/14/18,64247,BDO
06/25/18,50508,BDO
09/26/18,67328,BDO
01/25/18,97898,BDO
03/05/18,53431,BDO
06/19/18,55495,BDO
11/16/18,82248,BDO
04/12/18,85088,BDO
04/12/18,50486,BDO
05/07/18,87382,BDO
03/24/19,52052,BDO
11/09/18,80413,BDO
12/26/18,83301,BDO
10/01/18,86752,BDO
08/08/18,54687,BDO
06/30/18,81705,BDO
05/31/18,86458,BDO
02/28/18,95270,BDO
07/08/18,91211,BDO
06/23/18,87529,BDO
03/09/19,83164,BDO
08/22/18,54225,BDO
10/15/18,61401,BDO
11/22/18,99048,BDO
03/13/18,53562,BDO
05/05/18,69681,BDO
03/09/18,89373,BDO
11/22/18,87047,BDO
01/05/19,75537,BDO
05/14/18,93607,BDO
07/18/18,79823,BDO
08/21/18,63371,BDO
07/20/18,90684,BDO
10/02/18,84535,BDO
07/04/18,69519,BDO
09/25/18,95217,BDO
10/01/18,68772,BDO
11/04/18,90611,BDO
05/18/18,52627,BDO
01/31/18,88103,BDO
12/05/18,67313,BDO
03/01/19,77478,BDO
06/12/18,89867,BDO
01/13/19,52018,BDO
10/23/18,53778,BDO
02/20/19,66919,BDO
04/10/18,64406,BDO
07/27/18,51298,BDO
03/26/19,70665,BDO
06/18/18,82654,BDO
01/30/19,87894,BDO
06/06/18,85257,BDO
01/08/19,95645,BDO
02/07/19,89021,BDO
03/04/19,72951,BDO
11/18/18,55193,BDO
01/09/18,75853,BDO
01/18/19,96715,BDO
10/06/18,98059,BDO
09/22/18,75721,BDO
08/30/18,99396,BDO
02/17/19,85210,BDO
07/17/18,97550,BDO
05/20/18,81905,BDO
03/08/19,79369,BDO
02/03/18,93614,BDO
02/01/18,60589,BDO
01/01/18,89541,BDO
11/28/18,82437,BDO
10/20/18,86861,BDO
04/28/18,98996,BDO
03/17/19,80703,BDO
02/04/19,65383,BDO
01/04/19,75996,BDO
02/12/19,79768,BDO
08/22/18,64844,BDO
04/27/18,93695,BDO
05/20/18,85449,BDO
09/08/18,75741,BDO
04/17/18,52480,BDO
11/11/18,55262,BDO
06/29/18,58410,BDO
05/26/18,60206,BDO
08/21/18,93636,BDO
01/03/18,86872,BDO
04/27/18,77566,BDO
04/14/18,84546,BDO
11/22/18,76183,BDO
01/07/18,87882,BDO
10/23/18,52303,BDO
01/20/18,78842,BDO
05/13/18,81633,BDO
02/18/18,94590,BDO
07/06/18,73062,BDO
02/03/19,73597,BDO
07/30/18,78164,BDO
02/03/18,68080,BDO
03/15/18,69213,BDO
05/12/18,52538,BDO
01/27/18,87403,BDO
02/19/19,52762,BDO
11/11/18,64759,BDO
03/05/19,98216,BDO
06/30/18,82958,BDO
12/23/18,60949,BDO
02/19/18,91486,BDO
10/16/18,95744,BDO
01/19/19,70725,BDO
03/28/18,83936,BDO
03/11/19,86354,BDO
06/06/18,73091,BDO
11/07/18,60399,BDO
03/26/18,76976,BDO
12/01/18,50854,BDO
08/07/18,79713,BDO
09/06/18,68372,BDO
07/26/18,58689,BDO
07/13/18,78997,BDO
09/21/18,95953,BDO
01/04/19,58831,BDO
01/14/18,95912,BDO
01/28/18,61321,BDO
04/27/18,70428,BDO
12/14/18,55007,BDO
07/16/18,66395,BDO
02/13/19,66471,BDO
05/21/18,60446,BDO
03/24/19,92062,BDO
10/17/18,55420,BDO
11/20/18,74866,BDO
09/21/18,64449,BDO
02/06/19,74375,BDO
08/22/18,68920,BDO
03/09/18,86411,BDO
05/14/18,56294,BDO
11/09/18,81547,BDO
03/23/18,57571,BDO
02/22/19,56830,BDO
01/25/19,93771,BDO
02/25/18,93199,BDO
08/09/18,74174,BDO
06/27/18,87920,BDO
09/05/18,94299,BDO
06/16/18,83883,BDO
04/22/18,62111,BDO
09/19/18,83103,BDO
03/30/18,83993,BDO
05/30/18,57394,BDO
07/08/18,92392,BDO
01/25/18,56940,BDO
02/13/18,76569,BDO
10/09/18,83072,BDO
07/10/18,93722,BDO
09/03/18,96981,BDO
11/17/18,56900,BDO
03/04/18,73069,BDO
12/12/18,52222,BDO
03/13/18,94218,BDO
01/18/19,72298,BDO
09/17/18,56873,BDO
03/18/19,51215,BDO
09/03/18,50600,BDO
02/07/19,65412,BDO
12/18/18,65275,BDO
10/12/18,62315,BDO
11/30/18,90036,BDO
04/18/18,81066,BDO
03/04/19,95568,BDO
08/04/18,72210,BDO
11/29/18,84411,BDO
01/01/18,55784,BDO
03/02/19,91154,BDO
02/17/19,84815,BDO
05/12/18,75308,BDO
03/19/18,66732,BDO
10/22/18,67222,BDO
09/28/18,64043,BDO
10/27/18,79183,BDO
03/18/19,72158,BDO
12/14/18,53301,BDO
07/25/18,84680,BDO
06/28/18,90999,BDO
02/20/18,61546,BDO
03/06/18,68493,BDO
03/09/19,72400,BDO
04/22/18,97046,BDO
10/17/18,97964,BDO
04/16/18,97113,BDO
03/24/19,72447,BDO
09/08/18,99305,BDO
12/19/18,72531,BDO
09/21/18,94590,BDO
01/27/18,98516,BDO
09/14/18,71677,BDO
03/01/19,78330,BDO
08/02/18,90490,BDO
01/21/19,51735,BDO
11/01/18,56750,BDO
04/23/18,59566,BDO
03/03/19,53617,BDO
01/07/19,63334,BDO
12/27/18,94021,BDO
03/07/19,81445,BDO
09/19/18,75534,BDO
01/27/19,51197,BDO
02/18/18,64198,BDO
02/17/18,83820,BDO
10/30/18,61522,BDO
10/24/18,89068,BDO
04/23/18,54766,BDO
08/17/18,85883,BDO
07/07/18,97736,BDO
07/19/18,99086,BDO
12/27/18,96702,BDO
01/19/18,63903,BDO
07/01/18,92314,BDO
10/10/18,54680,BDO
03/19/19,69311,BDO
02/04/19,86913,BDO
07/31/18,50763,BDO
12/13/18,90619,BDO
02/24/18,64481,BDO
05/25/18,82204,BDO
12/28/18,97724,BDO
01/01/19,58119,BDO
02/18/18,98475,BDO
09/29/18,96580,BDO
02/13/19,62873,BDO
04/27/18,95421,BDO
02/22/19,66142,BDO
11/15/18,58747,BDO
09/01/18,77511,BDO
01/07/19,95955,BDO
02/19/19,68695,BDO
12/02/18,59749,BDO
03/13/19,92138,BDO
09/17/18,91319,BDO
07/13/18,57327,BDO
02/25/18,65646,BDO
11/06/18,93955,BDO
10/25/18,79282,BDO
01/01/18,78153,BDO
06/22/18,67040,BDO
09/27/18,91704,BDO
01/26/19,68434,BDO
11/15/18,78267,BDO
10/29/18,59218,BDO
07/06/18,90389,BDO
10/14/18,56814,BDO
05/28/18,86895,BDO
12/12/18,74278,BDO
05/22/18,65433,BDO
10/10/18,96078,BDO
05/28/18,84002,BDO
01/07/19,69964,BDO
02/19/18,72643,BDO
01/28/19,65152,BDO
06/13/18,55415,BDO
05/15/18,51765,BDO
05/25/18,65445,BDO
07/16/18,51419,BDO
07/27/18,71784,BDO
12/01/18,83549,BDO
10/18/18,99418,BDO
05/13/18,73054,BDO
05/13/18,74764,BDO
05/21/18,64279,BDO
09/23/18,64674,BDO
01/07/18,78637,BDO
08/12/18,83954,BDO
08/06/18,89442,BDO
04/04/18,92068,BDO
01/30/18,71013,BDO
02/17/19,92033,BDO
06/02/18,81176,BDO
03/19/19,81080,BDO
02/24/18,51756,BDO
03/18/18,56800,BDO
02/08/19,60451,BDO
08/16/18,60267,BDO
07/09/18,69554,BDO
01/14/19,56482,BDO
07/25/18,89048,BDO
03/28/19,63572,BDO
01/25/19,88244,BDO
09/18/18,58538,BDO
02/11/18,93534,BDO
08/09/18,58323,BDO
12/05/18,60548,BDO
06/18/18,61112,BDO
08/18/18,84837,BDO
08/30/18,84462,BDO
05/18/18,58079,BDO
09/19/18,71889,BDO
10/21/18,82304,BDO
01/05/18,56131,BDO
12/19/18,70331,BDO
02/03/19,74939,BDO
02/17/19,65680,BDO
02/03/19,99998,BDO
05/30/18,88190,BDO
11/27/18,70797,BDO
06/09/18,61224,BDO
06/20/18,93798,BDO
04/10/18,65519,BDO
04/24/18,55790,BDO
03/29/18,61483,BDO
10/02/18,72578,BDO
09/26/18,95096,BDO
01/25/18,64322,BDO
11/28/18,64721,BDO
10/22/18,72431,BDO
08/23/18,80853,BDO
10/06/18,79522,BDO
02/13/19,62268,BDO
02/28/19,98415,BDO
01/20/18,52329,BDO
02/04/19,96086,BDO
03/19/18,71115,BDO
01/24/19,70859,BDO
08/24/18,73422,BDO
07/20/18,92276,BDO
02/25/18,63873,BDO
10/14/18,75268,BDO
01/01/19,79884,BDO
01/18/18,51462,BDO
12/12/18,78401,BDO
01/31/18,64592,BDO
02/15/19,79529,BDO
03/06/18,67038,BDO
08/31/18,73946,BDO
03/29/19,85921,BDO
01/22/19,71069,BDO
08/05/18,70747,BDO
11/09/18,53229,BDO
07/31/18,57632,BDO
09/26/18,80432,BDO
05/17/18,73667,BDO
11/19/18,72631,BDO
03/28/19,52866,BDO
02/18/19,74224,BDO
09/03/18,68307,BDO
03/01/19,84029,BDO
10/03/18,76776,BDO
04/20/18,93334,BDO
03/15/19,89299,BDO
07/27/18,60715,BDO
05/29/18,97130,BDO
06/11/18,54914,BDO
09/06/18,52247,BDO
03/19/18,95433,BDO
05/14/18,93972,BDO
01/13/18,70624,BDO
07/01/18,81466,BDO
01/02/18,61420,BDO
05/18/18,78806,BDO
01/20/19,88335,BDO
03/22/19,92268,BDO
07/01/18,90014,BDO
09/11/18,73062,BDO
03/16/18,88906,BDO
01/24/19,56219,BDO
07/05/18,61932,BDO
03/17/18,53008,BDO
10/06/18,95707,BDO
03/02/19,62606,BDO
08/14/18,55537,BDO
04/28/18,58154,BDO
02/16/19,75047,BDO
07/05/18,66648,BDO
01/23/18,86911,BDO
02/09/18,63010,BDO
10/14/18,84322,BDO
04/27/18,76535,BDO
08/17/18,99385,BDO
03/31/18,85137,BDO
04/11/18,79595,BDO
09/06/18,50306,BDO
11/28/18,73791,BDO
01/31/19,86221,BPI
01/31/18,76111,BPI
10/23/18,57173,BPI
04/28/18,58716,BPI
02/11/19,80655,BPI
02/10/19,89281,BPI
08/02/18,54302,BPI
05/08/18,99241,BPI
01/26/19,53100,BPI
10/13/18,88609,BPI
02/27/19,89676,BPI
01/05/19,98783,BPI
10/22/18,74259,BPI
10/04/18,68466,BPI
04/03/18,53562,BPI
08/22/18,74871,BPI
07/13/18,85663,BPI
01/30/19,83730,BPI
05/26/18,58600,BPI
01/05/19,94263,BPI
12/20/18,72022,BPI
09/28/18,99580,BPI
03/26/18,87791,BPI
01/03/18,79172,BPI
11/15/18,82117,BPI
02/26/19,52765,BPI
04/15/18,57128,BPI
07/18/18,50482,BPI
02/10/18,87158,BPI
02/22/18,65838,BPI
04/21/18,97485,BPI
06/01/18,68129,BPI
06/09/18,98716,BPI
10/04/18,84279,BPI
11/01/18,84326,BPI
03/17/19,85339,BPI
04/18/18,87277,BPI
12/06/18,65775,BPI
06/21/18,92101,BPI
01/14/18,68523,BPI
11/03/18,69793,BPI
11/11/18,71411,BPI
12/16/18,82766,BPI
09/20/18,63409,BPI
08/09/18,76542,BPI
03/30/19,90784,BPI
10/15/18,75326,BPI
11/23/18,83552,BPI
07/26/18,79038,BPI
03/21/18,83274,BPI
04/30/18,65783,BPI
01/10/18,76361,BPI
11/29/18,50691,BPI
04/21/18,61899,BPI
01/03/19,77985,BPI
05/22/18,66380,BPI
06/07/18,66476,BPI
01/05/19,56750,BPI
11/02/18,75888,BPI
09/10/18,73206,BPI
06/08/18,71067,BPI
02/01/18,54741,BPI
07/19/18,68177,BPI
03/08/18,82945,BPI
04/17/18,84984,BPI
03/22/18,65934,BPI
08/08/18,88588,BPI
02/01/18,92115,BPI
09/12/18,75456,BPI
01/30/19,62546,BPI
02/01/19,84435,BPI
01/16/18,67543,BPI
08/21/18,61014,BPI
09/11/18,92222,BPI
01/16/18,97335,BPI
09/27/18,54020,BPI
08/18/18,70823,BPI
02/27/18,66719,BPI
03/12/18,76725,BPI
01/28/19,54794,BPI
01/14/19,50165,BPI
01/30/19,90938,BPI
07/06/18,64954,BPI
11/10/18,57044,BPI
08/04/18,81174,BPI
01/30/18,87967,BPI
08/27/18,78785,BPI
08/26/18,50866,BPI
10/07/18,84888,BPI
01/22/19,85203,BPI
01/12/19,73680,BPI
04/25/18,54915,BPI
06/03/18,81661,BPI
08/21/18,98346,BPI
11/10/18,57942,BPI
03/17/18,52069,BPI
01/20/19,82741,BPI
03/13/18,89692,BPI
03/31/18,83759,BPI
02/20/18,82307,BPI
12/09/18,77363,BPI
10/29/18,63073,BPI
07/07/18,93473,BPI
03/16/18,88037,BPI
09/06/18,68400,BPI
04/23/18,60574,BPI
06/23/18,76733,BPI
12/17/18,99967,BPI
03/19/18,80352,BPI
02/27/18,67946,BPI
01/17/19,66916,BPI
02/12/18,54571,BPI
04/25/18,50567,BPI
04/24/18,61458,BPI
11/28/18,91275,BPI
10/23/18,50331,BPI
02/21/19,80673,BPI
09/05/18,94220,BPI
01/28/18,88943,BPI
03/05/18,58178,BPI
01/23/19,73632,BPI
10/24/18,98913,BPI
05/24/18,96026,BPI
06/28/18,97911,BPI
01/16/18,52114,BPI
01/09/18,61310,BPI
01/28/18,77847,BPI
04/08/18,82216,BPI
03/18/19,99448,BPI
04/15/18,78546,BPI
06/21/18,92520,BPI
04/30/18,60536,BPI
02/27/18,55433,BPI
06/30/18,70576,BPI
02/09/19,97501,BPI
05/11/18,51997,BPI
01/06/19,99985,BPI
06/16/18,91673,BPI
03/08/19,83884,BPI
07/21/18,70219,BPI
10/20/18,99333,BPI
11/14/18,82005,BPI
02/23/18,50053,BPI
02/06/19,59223,BPI
08/01/18,68650,BPI
11/06/18,65151,BPI
01/15/19,87380,BPI
09/16/18,87185,BPI
08/04/18,61800,BPI
12/22/18,78648,BPI
10/18/18,91159,BPI
11/05/18,94205,BPI
09/20/18,70953,BPI
01/05/18,54520,BPI
06/26/18,97173,BPI
09/15/18,60818,BPI
06/13/18,65445,BPI
06/17/18,69445,BPI
02/20/18,94323,BPI
04/15/18,87860,BPI
09/01/18,57362,BPI
01/19/18,60400,BPI
05/31/18,95977,BPI
01/22/19,72651,BPI
06/20/18,86185,BPI
03/17/19,50437,BPI
08/08/18,59863,BPI
09/20/18,59046,BPI
11/22/18,79013,BPI
04/02/18,71967,BPI
11/11/18,50647,BPI
03/04/18,56972,BPI
02/02/18,80466,BPI
08/12/18,89467,BPI
01/12/19,72016,BPI
07/01/18,81878,BPI
03/09/19,54547,BPI
01/15/19,56393,BPI
05/23/18,76280,BPI
07/04/18,99951,BPI
08/25/18,95258,BPI
04/06/18,52787,BPI
01/06/18,60771,BPI
10/11/18,63122,BPI
01/30/18,62048,BPI
01/20/18,60720,BPI
01/05/18,94600,BPI
05/11/18,75954,BPI
02/25/19,54802,BPI
12/14/18,53949,BPI
09/20/18,60651,BPI
11/03/18,61105,BPI
10/17/18,91667,BPI
01/12/18,73567,BPI
12/28/18,75399,BPI
12/23/18,65016,BPI
03/30/19,52737,BPI
03/10/18,54438,BPI
06/02/18,78214,BPI
08/24/18,61113,BPI
02/22/19,67431,BPI
03/08/18,52974,BPI
04/29/18,95898,BPI
02/22/19,83991,BPI
01/28/19,95813,BPI
08/05/18,73046,BPI
01/30/18,86579,BPI
01/05/18,77134,BPI
11/01/18,96363,BPI
03/15/18,93269,BPI
12/22/18,60080,BPI
02/16/18,64217,BPI
06/23/18,75533,BPI
12/23/18,83520,BPI
03/06/19,94944,BPI
02/27/19,88989,BPI
01/29/18,85755,BPI
10/23/18,67034,BPI
02/02/18,69039,BPI
10/02/18,89356,BPI
12/22/18,59073,BPI
07/26/18,87574,BPI
01/29/19,74616,BPI
05/08/18,84129,BPI
02/23/19,58433,BPI
06/19/18,87880,BPI
05/01/18,63688,BPI
11/20/18,61327,BPI
01/29/18,63658,BPI
10/15/18,78947,BPI
11/26/18,98112,BPI
03/30/18,93751,BPI
12/24/18,99941,BPI
11/26/18,89058,BPI
01/07/18,81561,BPI
01/04/18,91068,BPI
04/11/18,94406,BPI
08/19/18,85327,BPI
04/03/18,63407,BPI
04/03/18,59113,BPI
12/28/18,77202,BPI
02/26/19,86234,BPI
01/24/19,97484,BPI
12/07/18,57234,BPI
12/25/18,72372,BPI
02/01/19,87928,BPI
02/28/18,77403,BPI
01/27/19,97385,BPI
09/21/18,53791,BPI
03/18/19,73165,BPI
07/11/18,68597,BPI
11/14/18,86505,BPI
02/28/18,86134,BPI
05/25/18,96167,BPI
01/16/18,57220,BPI
11/02/18,55775,BPI
01/16/19,54355,BPI
11/10/18,98533,BPI
06/09/18,83220,BPI
06/06/18,95649,BPI
02/11/18,78496,BPI
11/17/18,60815,BPI
06/29/18,61220,BPI
03/30/18,93884,BPI
05/12/18,50334,BPI
01/27/19,89044,BPI
01/18/18,93890,BPI
11/25/18,68329,BPI
09/21/18,58084,BPI
05/23/18,85145,BPI
01/20/18,54852,BPI
01/23/18,57812,BPI
03/20/19,90412,BPI
07/05/18,70525,BPI
02/20/18,83034,BPI
03/14/19,67741,BPI
03/24/18,60823,BPI
07/13/18,72093,BPI
11/25/18,89379,BPI
05/18/18,98786,BPI
09/20/18,53834,BPI
11/09/18,60465,BPI
05/26/18,57992,BPI
01/15/19,78172,BPI
10/23/18,89050,BPI
02/13/19,97319,BPI
02/17/19,91957,BPI
01/13/18,50636,BPI
01/22/18,74131,BPI
09/19/18,58982,BPI
07/22/18,97988,BPI
03/19/19,90465,BPI
11/27/18,70151,BPI
03/16/18,84703,BPI
04/14/18,86416,BPI
03/23/18,75402,BPI
07/30/18,91997,BPI
05/31/18,66167,BPI
01/18/19,91674,BPI
02/21/18,54661,BPI
08/24/18,53750,BPI
08/04/18,84348,BPI
01/04/19,54449,BPI
01/27/18,60181,BPI
10/22/18,85181,BPI
08/18/18,52716,BPI
04/18/18,82528,BPI
10/07/18,93351,BPI
01/04/18,62262,BPI
12/28/18,82083,BPI
09/24/18,57552,BPI
11/06/18,79396,BPI
03/31/18,86438,BPI
06/23/18,80476,BPI
05/22/18,99773,BPI
09/01/18,65849,BPI
01/10/19,74524,BPI
02/03/18,57766,BPI
02/05/19,71658,BPI
07/10/18,60755,BPI
01/05/18,91579,BPI
05/29/18,81545,BPI
05/19/18,59605,BPI
02/21/19,82474,BPI
01/26/19,82091,BPI
12/16/18,74006,BPI
02/10/19,98570,BPI
10/27/18,65006,BPI
07/03/18,57389,BPI
01/06/19,52340,BPI
02/23/18,90994,BPI
11/02/18,94240,BPI
04/30/18,60312,BPI
05/07/18,52264,BPI
02/02/18,77680,BPI
02/19/19,83734,BPI
11/16/18,83973,BPI
08/08/18,95377,BPI
09/23/18,55621,BPI
01/02/19,57016,BPI
02/18/18,75195,BPI
04/24/18,94903,BPI
09/09/18,86752,BPI
07/26/18,71014,BPI
02/25/19,96998,BPI
03/22/19,60597,BPI
01/02/18,54533,BPI
11/24/18,62216,BPI
04/20/18,65549,BPI
04/01/18,61825,BPI
03/13/18,56361,BPI
01/18/18,50453,BPI
07/05/18,94491,BPI
01/15/19,53846,BPI
04/22/18,84705,BPI
05/05/18,85527,BPI
07/03/18,80342,BPI
08/16/18,57475,BPI
06/09/18,58553,BPI
07/11/18,81504,BPI
11/15/18,94775,BPI
09/15/18,97652,BPI
03/21/18,87986,BPI
01/14/19,94705,BPI
06/25/18,54127,BPI
02/11/18,84355,BPI
02/09/18,94794,BPI
08/12/18,68857,BPI
04/07/18,78920,BPI
11/16/18,55483,BPI
05/30/18,54864,BPI
11/15/18,99903,BPI
09/07/18,68159,BPI
07/02/18,95721,BPI
11/06/18,50193,BPI
10/23/18,87526,BPI
03/20/18,67562,BPI
09/14/18,94271,BPI
11/23/18,94412,BPI
07/03/18,88950,BPI
03/22/18,87515,BPI
06/15/18,94187,BPI
05/08/18,55546,BPI
04/11/18,82422,BPI
06/02/18,79608,BPI
08/06/18,97855,BPI
07/17/18,90182,BPI
08/23/18,51578,BPI
08/12/18,51412,BPI
06/22/18,65921,BPI
08/30/18,85981,BPI
02/12/18,99168,BPI
09/19/18,99961,BPI
11/05/18,75850,BPI
01/03/19,78000,BPI
04/06/18,80225,BPI
09/25/18,75608,BPI
07/24/18,65467,BPI
02/17/18,60551,BPI
05/08/18,84589,BPI
11/14/18,80467,BPI
06/26/18,56029,BPI
11/11/18,83687,BPI
09/27/18,74174,BPI
12/12/18,94965,BPI
11/19/18,50321,BPI
04/14/18,84721,BPI
12/11/18,67878,BPI
03/16/18,70197,BPI
03/04/18,72081,BPI
04/01/18,81132,BPI
05/22/18,75246,BPI
09/28/18,85987,BPI
03/11/19,89494,BPI
02/02/19,64935,BPI
02/01/19,93667,BPI
02/22/18,60091,BPI
02/27/18,54224,RCBC_VISA
07/10/18,98268,RCBC_VISA
03/07/19,95117,RCBC_VISA
12/12/18,99352,RCBC_VISA
08/01/18,81306,RCBC_VISA
01/19/19,68949,RCBC_VISA
10/03/18,90671,RCBC_VISA
01/29/18,63999,RCBC_VISA
01/05/18,75044,RCBC_VISA
01/10/18,60255,RCBC_VISA
03/24/19,69779,RCBC_VISA
01/01/19,99010,RCBC_VISA
01/21/18,59110,RCBC_VISA
03/09/18,70913,RCBC_VISA
08/12/18,57307,RCBC_VISA
03/01/19,54781,RCBC_VISA
01/01/18,92968,RCBC_VISA
09/28/18,94590,RCBC_VISA
01/17/19,85094,RCBC_VISA
03/29/18,80075,RCBC_VISA
12/06/18,70328,RCBC_VISA
03/24/19,75894,RCBC_VISA
02/04/18,85595,RCBC_VISA
02/28/19,52136,RCBC_VISA
01/26/18,61487,RCBC_VISA
10/28/18,77905,RCBC_VISA
09/06/18,53409,RCBC_VISA
01/07/18,67197,RCBC_VISA
01/09/19,88404,RCBC_VISA
02/20/18,92409,RCBC_VISA
12/27/18,87352,RCBC_VISA
01/02/18,64174,RCBC_VISA
07/07/18,93362,RCBC_VISA
01/25/18,98977,RCBC_VISA
08/28/18,95482,RCBC_VISA
07/03/18,69628,RCBC_VISA
09/23/18,65188,RCBC_VISA
09/14/18,96122,RCBC_VISA
06/28/18,80423,RCBC_VISA
09/16/18,61123,RCBC_VISA
03/11/19,56176,RCBC_VISA
09/03/18,55115,RCBC_VISA
02/14/18,72393,RCBC_VISA
02/14/19,56634,RCBC_VISA
09/10/18,56193,RCBC_VISA
10/31/18,80988,RCBC_VISA
03/29/19,73664,RCBC_VISA
09/25/18,73703,RCBC_VISA
06/11/18,63464,RCBC_VISA
01/09/19,88974,RCBC_VISA
11/27/18,84988,RCBC_VISA
01/22/18,82548,RCBC_VISA
01/10/18,96927,RCBC_VISA
01/09/18,92872,RCBC_VISA
06/22/18,66930,RCBC_VISA
09/22/18,90420,RCBC_VISA
01/13/19,80987,RCBC_VISA
12/26/18,76442,RCBC_VISA
08/22/18,72854,RCBC_VISA
01/14/19,55371,RCBC_VISA
06/09/18,56251,RCBC_VISA
11/06/18,53016,RCBC_VISA
09/03/18,81311,RCBC_VISA
09/15/18,61609,RCBC_VISA
05/08/18,69070,RCBC_VISA
06/21/18,58638,RCBC_VISA
11/07/18,95883,RCBC_VISA
03/10/18,88900,RCBC_VISA
01/31/18,95050,RCBC_VISA
02/15/18,51080,RCBC_VISA
05/17/18,62891,RCBC_VISA
11/12/18,65861,RCBC_VISA
03/12/18,66491,RCBC_VISA
07/01/18,83478,RCBC_VISA
12/14/18,76562,RCBC_VISA
09/06/18,55895,RCBC_VISA
11/25/18,77122,RCBC_VISA
04/01/18,91455,RCBC_VISA
09/23/18,58893,RCBC_VISA
03/28/18,94510,RCBC_VISA
11/03/18,65765,RCBC_VISA
05/23/18,67326,RCBC_VISA
12/05/18,92249,RCBC_VISA
09/15/18,56624,RCBC_VISA
03/23/19,67359,RCBC_VISA
05/06/18,55488,RCBC_VISA
10/15/18,78251,RCBC_VISA
01/22/19,73732,RCBC_VISA
11/17/18,55842,RCBC_VISA
10/08/18,65132,RCBC_VISA
01/19/18,65639,RCBC_VISA
01/31/18,72692,RCBC_VISA
02/10/18,97755,RCBC_VISA
07/16/18,64608,RCBC_VISA
01/10/19,74234,RCBC_VISA
07/21/18,80320,RCBC_VISA
01/18/18,63143,RCBC_VISA
09/10/18,65567,RCBC_VISA
05/15/18,79464,RCBC_VISA
03/17/18,97605,RCBC_VISA
08/18/18,57679,RCBC_VISA
01/07/19,74446,RCBC_VISA
12/17/18,98752,RCBC_VISA
06/22/18,90828,RCBC_VISA
03/20/18,67585,RCBC_VISA
05/24/18,88204,RCBC_VISA
02/04/18,84209,RCBC_VISA
06/25/18,76489,RCBC_VISA
09/05/18,96279,RCBC_VISA
11/09/18,95304,RCBC_VISA
05/05/18,88103,RCBC_VISA
01/30/18,83928,RCBC_VISA
12/09/18,82146,RCBC_VISA
02/05/18,64126,RCBC_VISA
02/05/18,72797,RCBC_VISA
08/30/18,81455,RCBC_VISA
07/13/18,96441,RCBC_VISA
04/02/18,86770,RCBC_VISA
02/27/19,64476,RCBC_VISA
02/12/18,78636,RCBC_VISA
06/18/18,96969,RCBC_VISA
05/12/18,79093,RCBC_VISA
01/31/19,77571,RCBC_VISA
10/06/18,59453,RCBC_VISA
02/15/18,93799,RCBC_VISA
02/16/19,58950,RCBC_VISA
02/27/18,79924,RCBC_VISA
10/03/18,70770,RCBC_VISA
05/12/18,71282,RCBC_VISA
01/12/18,91686,RCBC_VISA
11/02/18,68463,RCBC_VISA
03/29/19,94679,RCBC_VISA
01/13/18,89933,RCBC_VISA
01/26/19,89871,RCBC_VISA
03/11/18,57068,RCBC_VISA
02/26/18,60428,RCBC_VISA
11/11/18,81080,RCBC_VISA
03/05/18,61321,RCBC_VISA
02/13/18,59341,RCBC_VISA
11/07/18,93236,RCBC_VISA
03/09/18,59266,RCBC_VISA
09/25/18,69741,RCBC_VISA
11/22/18,97159,RCBC_VISA
06/09/18,52504,RCBC_VISA
06/06/18,56152,RCBC_VISA
07/29/18,94667,RCBC_VISA
09/02/18,51566,RCBC_VISA
05/17/18,70158,RCBC_VISA
07/02/18,64360,RCBC_VISA
02/01/19,93327,RCBC_VISA
08/14/18,63495,RCBC_VISA
01/26/18,95742,RCBC_VISA
01/20/19,78579,RCBC_VISA
03/17/19,67763,RCBC_VISA
11/08/18,83265,RCBC_VISA
02/26/18,50977,RCBC_VISA
02/13/19,72477,RCBC_VISA
06/18/18,58121,RCBC_VISA
09/17/18,74318,RCBC_VISA
11/12/18,58979,RCBC_VISA
09/03/18,98877,RCBC_VISA
02/25/19,81187,RCBC_VISA
09/13/18,60390,RCBC_VISA
09/10/18,50802,RCBC_VISA
06/09/18,93295,RCBC_VISA
10/09/18,63053,RCBC_VISA
03/13/18,98372,RCBC_VISA
01/04/18,74054,RCBC_VISA
02/26/18,82732,RCBC_VISA
12/04/18,76266,RCBC_VISA
07/05/18,78013,RCBC_VISA
03/30/18,66137,RCBC_VISA
08/29/18,63345,RCBC_VISA
05/05/18,82984,RCBC_VISA
08/20/18,52646,RCBC_VISA
03/11/18,87112,RCBC_VISA
11/18/18,52965,RCBC_VISA
07/24/18,67186,RCBC_VISA
10/02/18,75690,RCBC_VISA
11/06/18,75432,RCBC_VISA
03/17/18,62819,RCBC_VISA
12/27/18,94111,RCBC_VISA
03/03/19,82385,RCBC_VISA
01/28/19,76795,RCBC_VISA
08/10/18,82201,RCBC_VISA
02/24/19,94588,RCBC_VISA
06/09/18,84698,RCBC_VISA
12/05/18,99601,RCBC_VISA
11/23/18,83785,RCBC_VISA
01/03/19,98880,RCBC_VISA
09/20/18,72558,RCBC_VISA
05/16/18,58347,RCBC_VISA
09/02/18,80714,RCBC_VISA
01/08/19,93235,RCBC_VISA
10/11/18,51106,RCBC_VISA
05/31/18,64572,RCBC_VISA
02/05/19,60429,RCBC_VISA
07/21/18,50213,RCBC_VISA
03/07/18,81178,RCBC_VISA
10/01/18,88617,RCBC_VISA
01/23/19,78598,RCBC_VISA
11/22/18,95261,RCBC_VISA
02/28/18,90930,RCBC_VISA
04/04/18,63106,RCBC_VISA
09/04/18,75133,RCBC_VISA
01/28/19,78378,RCBC_VISA
02/20/18,74243,RCBC_VISA
03/16/18,92913,RCBC_VISA
05/01/18,76573,RCBC_VISA
05/01/18,83787,RCBC_VISA
03/01/18,68473,RCBC_VISA
12/25/18,58101,RCBC_VISA
01/20/18,56120,RCBC_VISA
02/18/19,96015,RCBC_VISA
02/15/19,51784,RCBC_VISA
08/31/18,63511,RCBC_VISA
08/13/18,98965,RCBC_VISA
08/18/18,71724,RCBC_VISA
03/18/18,68729,RCBC_VISA
03/13/19,63436,RCBC_VISA
09/08/18,74667,RCBC_VISA
09/17/18,62041,RCBC_VISA
02/05/19,67943,RCBC_VISA
03/20/19,99759,RCBC_VISA
04/23/18,56713,RCBC_VISA
04/22/18,71075,RCBC_VISA
03/27/18,91455,RCBC_VISA
07/13/18,81115,RCBC_VISA
01/30/18,78496,RCBC_VISA
02/22/19,73120,RCBC_VISA
05/17/18,84507,RCBC_VISA
10/05/18,66439,RCBC_VISA
01/11/18,50751,RCBC_VISA
01/10/19,96638,RCBC_VISA
11/02/18,63641,RCBC_VISA
03/06/19,65695,RCBC_VISA
01/12/18,75555,RCBC_VISA
01/29/19,54426,RCBC_VISA
10/16/18,94787,RCBC_VISA
08/29/18,68750,RCBC_VISA
02/02/19,53392,RCBC_VISA
02/26/18,91696,RCBC_VISA
01/03/19,57582,RCBC_VISA
05/05/18,78762,RCBC_VISA
08/30/18,87133,RCBC_VISA
03/06/18,77001,RCBC_VISA
03/12/18,89535,RCBC_VISA
01/01/18,67557,RCBC_VISA
02/04/19,50586,RCBC_VISA
08/08/18,64628,RCBC_VISA
02/16/19,77654,RCBC_VISA
08/15/18,51547,RCBC_VISA
01/13/18,53201,RCBC_VISA
08/01/18,66219,RCBC_VISA
08/16/18,67344,RCBC_VISA
05/17/18,68764,RCBC_VISA
02/20/18,56371,RCBC_VISA
04/05/18,96926,RCBC_VISA
11/15/18,92446,RCBC_VISA
03/21/18,65371,RCBC_VISA
12/16/18,94862,RCBC_VISA
09/04/18,78258,RCBC_VISA
10/14/18,52541,RCBC_VISA
03/01/18,80360,RCBC_VISA
03/20/18,63858,RCBC_VISA
09/10/18,76447,RCBC_VISA
09/14/18,53082,RCBC_VISA
07/29/18,57796,RCBC_VISA
01/14/18,77707,RCBC_VISA
06/17/18,61841,RCBC_VISA
03/29/19,71209,RCBC_VISA
07/23/18,80612,RCBC_VISA
04/19/18,73546,RCBC_VISA
12/14/18,84354,RCBC_VISA
03/13/18,74974,RCBC_VISA
08/11/18,73575,RCBC_VISA
03/10/18,87266,RCBC_VISA
01/25/19,91676,RCBC_VISA
02/23/19,78684,RCBC_VISA
07/17/18,58708,RCBC_VISA
10/21/18,99187,RCBC_VISA
01/10/18,73368,RCBC_VISA
08/18/18,78052,RCBC_VISA
10/28/18,71292,RCBC_VISA
02/08/18,73941,RCBC_VISA
09/21/18,92308,RCBC_VISA
05/16/18,51895,RCBC_VISA
12/31/18,65991,RCBC_VISA
09/01/18,53648,RCBC_VISA
02/25/19,63731,RCBC_VISA
12/08/18,50395,RCBC_VISA
12/02/18,94320,RCBC_VISA
01/02/19,65750,RCBC_VISA
03/07/19,98709,RCBC_VISA
01/26/18,88770,RCBC_VISA
10/19/18,89431,RCBC_VISA
09/13/18,50529,RCBC_VISA
12/21/18,77904,RCBC_VISA
03/14/18,84199,RCBC_VISA
07/09/18,93293,RCBC_VISA
11/18/18,85240,RCBC_VISA
08/30/18,83307,RCBC_VISA
01/17/19,68306,RCBC_VISA
11/23/18,91906,RCBC_VISA
02/21/19,88528,RCBC_VISA
07/12/18,52900,RCBC_VISA
04/25/18,63216,RCBC_VISA
03/30/19,77496,RCBC_VISA
05/03/18,87725,RCBC_VISA
03/30/18,58729,RCBC_VISA
09/13/18,79595,RCBC_VISA
11/20/18,77604,RCBC_VISA
11/24/18,80439,RCBC_VISA
06/30/18,74153,RCBC_VISA
02/21/19,57872,RCBC_VISA
06/14/18,55200,RCBC_VISA
05/05/18,53567,RCBC_VISA
04/19/18,61991,RCBC_VISA
05/22/18,50571,RCBC_VISA
01/21/19,88716,RCBC_VISA
08/10/18,95519,RCBC_VISA
06/12/18,69927,RCBC_VISA
06/29/18,68759,RCBC_VISA
03/28/18,79629,RCBC_VISA
10/29/18,88649,RCBC_VISA
07/23/18,52733,RCBC_VISA
08/22/18,53663,RCBC_VISA
02/18/18,84401,RCBC_VISA
03/11/19,71797,RCBC_VISA
11/25/18,58965,RCBC_VISA
11/25/18,88526,RCBC_VISA
01/10/19,66583,RCBC_VISA
11/29/18,97087,RCBC_VISA
08/17/18,67169,RCBC_VISA
03/11/18,65038,RCBC_VISA
04/04/18,67859,RCBC_VISA
06/05/18,64284,RCBC_VISA
07/10/18,60085,RCBC_VISA
11/06/18,66657,RCBC_VISA
03/03/19,70289,RCBC_VISA
02/18/19,58042,RCBC_VISA
12/14/18,60028,RCBC_VISA
08/22/18,89366,RCBC_VISA
04/26/18,66549,RCBC_VISA
06/25/18,95150,RCBC_VISA
10/17/18,77544,RCBC_VISA
01/28/19,77781,RCBC_VISA
08/10/18,96304,RCBC_VISA
12/06/18,88452,RCBC_VISA
01/01/19,81574,RCBC_VISA
05/06/18,98608,RCBC_VISA
11/29/18,57049,RCBC_VISA
01/30/19,50798,RCBC_VISA
09/26/18,80721,RCBC_VISA
07/14/18,88149,RCBC_VISA
04/21/18,88778,RCBC_VISA
11/12/18,70644,RCBC_VISA
11/22/18,54870,RCBC_VISA
06/15/18,79889,RCBC_VISA
06/22/18,83789,RCBC_VISA
01/14/18,67371,RCBC_VISA
12/11/18,72119,RCBC_VISA
09/28/18,71210,RCBC_VISA
01/22/19,54503,RCBC_VISA
01/28/18,83618,RCBC_VISA
02/25/19,69664,RCBC_VISA
09/19/18,65240,RCBC_VISA
04/01/18,58667,RCBC_VISA
09/13/18,51829,RCBC_VISA
02/24/18,69219,RCBC_VISA
12/02/18,82293,RCBC_VISA
01/06/19,56055,RCBC_VISA
09/06/18,89423,RCBC_VISA
12/18/18,95692,RCBC_VISA
12/24/18,61602,RCBC_VISA
11/30/18,57423,RCBC_VISA
04/20/18,90600,RCBC_VISA
09/18/18,90725,RCBC_VISA
08/18/18,78253,RCBC_VISA
12/09/18,62040,RCBC_VISA
01/12/19,79766,RCBC_VISA
02/22/18,68436,RCBC_VISA
05/20/18,82377,RCBC_VISA
10/30/18,58663,RCBC_VISA
02/18/19,55316,RCBC_VISA
03/23/18,51844,RCBC_VISA
09/27/18,75755,RCBC_VISA
01/08/19,68691,RCBC_VISA
02/23/18,70721,RCBC_VISA
02/28/19,97726,RCBC_VISA
08/09/18,64020,RCBC_VISA
09/02/18,67025,RCBC_VISA
06/01/18,51001,RCBC_VISA
08/19/18,77214,RCBC_VISA
03/01/19,58820,RCBC_VISA
02/16/18,73537,RCBC_VISA
02/17/18,82975,RCBC_VISA
04/19/18,94129,RCBC_VISA
07/07/18,62766,RCBC_VISA
07/03/18,73939,RCBC_VISA
02/03/19,60618,RCBC_VISA
01/23/19,53308,RCBC_VISA
02/13/18,69446,RCBC_VISA
10/10/18,57872,RCBC_VISA
06/28/18,64136,RCBC_VISA
01/04/19,82737,RCBC_VISA
09/25/18,71970,RCBC_VISA
05/26/18,92625,RCBC_VISA
03/29/19,59363,RCBC_VISA
03/02/19,98903,RCBC_VISA
06/01/18,92015,RCBC_VISA
12/05/18,54248,RCBC_VISA
07/11/18,63736,RCBC_VISA
02/02/18,83080,RCBC_VISA
03/09/18,61649,RCBC_VISA
02/18/19,72325,RCBC_VISA
03/01/18,80853,RCBC_VISA
03/17/18,60418,RCBC_VISA
06/03/18,73322,RCBC_VISA
08/06/18,73925,RCBC_VISA
05/28/18,89534,RCBC_VISA
09/11/18,76705,RCBC_VISA
12/03/18,58801,RCBC_VISA
01/26/18,91953,RCBC_VISA
10/18/18,69981,RCBC_VISA
02/17/18,55102,RCBC_VISA
04/15/18,60579,RCBC_VISA
11/18/18,82884,RCBC_VISA
03/25/18,78911,RCBC_VISA
05/30/18,69524,RCBC_VISA
03/05/18,54200,RCBC_VISA
12/16/18,88317,RCBC_VISA
05/28/18,78864,RCBC_VISA
01/08/19,65886,RCBC_VISA
04/13/18,65005,RCBC_VISA
06/07/18,80716,RCBC_VISA
03/01/18,74032,RCBC_VISA
07/11/18,84488,RCBC_VISA
07/08/18,59312,RCBC_VISA
01/07/18,75032,RCBC_VISA
12/22/18,97944,RCBC_VISA
11/19/18,74203,RCBC_VISA
01/03/18,78296,RCBC_VISA
12/15/18,65407,RCBC_VISA
03/04/19,77139,RCBC_VISA
02/19/18,76109,RCBC_VISA
03/14/18,93620,RCBC_VISA
05/26/18,78423,RCBC_VISA
11/16/18,55223,RCBC_VISA
01/24/19,87334,RCBC_VISA
01/05/19,70922,RCBC_VISA
10/18/18,53440,RCBC_VISA
11/25/18,53832,RCBC_VISA
11/07/18,73096,RCBC_VISA
11/10/18,73497,RCBC_VISA
02/19/19,91789,RCBC_VISA
02/06/19,60326,RCBC_VISA
01/22/18,62763,RCBC_VISA
12/31/18,60567,RCBC_VISA
06/22/18,75344,RCBC_VISA
06/16/18,90502,RCBC_VISA
07/07/18,80332,RCBC_VISA
06/02/18,90793,RCBC_BANKARD
03/21/19,68742,RCBC_BANKARD
06/16/18,70642,RCBC_BANKARD
01/20/18,97505,RCBC_BANKARD
03/23/19,96207,RCBC_BANKARD
11/20/18,63967,RCBC_BANKARD
04/30/18,86715,RCBC_BANKARD
10/18/18,77563,RCBC_BANKARD
11/04/18,95154,RCBC_BANKARD
03/19/18,79644,RCBC_BANKARD
09/24/18,71565,RCBC_BANKARD
11/25/18,61727,RCBC_BANKARD
02/22/19,94591,RCBC_BANKARD
09/16/18,99638,RCBC_BANKARD
01/24/19,59783,RCBC_BANKARD
01/21/19,67176,RCBC_BANKARD
02/10/18,80150,RCBC_BANKARD
05/23/18,90609,RCBC_BANKARD
01/11/18,68513,RCBC_BANKARD
03/29/19,76186,RCBC_BANKARD
05/03/18,95522,RCBC_BANKARD
08/18/18,77531,RCBC_BANKARD
10/02/18,83495,RCBC_BANKARD
12/22/18,72431,RCBC_BANKARD
03/09/18,76774,RCBC_BANKARD
11/27/18,83565,RCBC_BANKARD
11/05/18,67847,RCBC_BANKARD
12/10/18,52839,RCBC_BANKARD
10/14/18,81769,RCBC_BANKARD
03/14/19,84097,RCBC_BANKARD
06/23/18,87490,RCBC_BANKARD
01/08/18,81508,RCBC_BANKARD
09/29/18,53904,RCBC_BANKARD
11/10/18,66278,RCBC_BANKARD
01/17/19,64955,RCBC_BANKARD
12/30/18,72786,RCBC_BANKARD
07/17/18,95082,RCBC_BANKARD
07/19/18,73303,RCBC_BANKARD
03/12/18,87822,RCBC_BANKARD
02/08/18,74062,RCBC_BANKARD
03/30/18,89787,RCBC_BANKARD
06/26/18,80701,RCBC_BANKARD
08/19/18,70596,RCBC_BANKARD
02/17/19,73463,RCBC_BANKARD
07/26/18,96204,RCBC_BANKARD
03/21/18,77642,RCBC_BANKARD
10/19/18,76399,RCBC_BANKARD
09/16/18,84343,RCBC_BANKARD
01/21/19,91391,RCBC_BANKARD
08/20/18,87627,RCBC_BANKARD
02/02/19,61256,RCBC_BANKARD
03/04/19,58983,RCBC_BANKARD
03/25/18,95688,RCBC_BANKARD
05/24/18,61597,RCBC_BANKARD
05/01/18,94397,RCBC_BANKARD
03/26/18,85017,RCBC_BANKARD
10/10/18,54163,RCBC_BANKARD
04/19/18,77975,RCBC_BANKARD
08/30/18,71951,RCBC_BANKARD
11/07/18,95133,RCBC_BANKARD
05/13/18,64689,RCBC_BANKARD
04/02/18,61325,RCBC_BANKARD
01/31/19,91572,RCBC_BANKARD
06/13/18,84310,RCBC_BANKARD
01/21/19,50751,RCBC_BANKARD
10/10/18,89145,RCBC_BANKARD
07/03/18,52657,RCBC_BANKARD
04/07/18,57487,RCBC_BANKARD
01/16/19,89166,RCBC_BANKARD
02/22/19,52227,RCBC_BANKARD
05/04/18,72331,RCBC_BANKARD
01/24/18,89199,RCBC_BANKARD
05/31/18,77241,RCBC_BANKARD
01/07/18,85331,RCBC_BANKARD
02/04/18,72706,RCBC_BANKARD
03/25/19,56753,RCBC_BANKARD
01/24/18,68054,RCBC_BANKARD
11/15/18,56650,RCBC_BANKARD
03/01/18,56754,RCBC_BANKARD
02/05/18,53000,RCBC_BANKARD
09/16/18,71062,RCBC_BANKARD
03/04/18,92734,RCBC_BANKARD
11/01/18,99833,RCBC_BANKARD
01/18/18,66371,RCBC_BANKARD
04/30/18,52152,RCBC_BANKARD
04/04/18,87447,RCBC_BANKARD
10/13/18,70441,RCBC_BANKARD
04/21/18,55480,RCBC_BANKARD
10/16/18,52781,RCBC_BANKARD
11/18/18,60542,RCBC_BANKARD
12/27/18,93600,RCBC_BANKARD
08/06/18,64586,RCBC_BANKARD
07/14/18,86963,RCBC_BANKARD
01/07/18,69791,RCBC_BANKARD
09/22/18,81044,RCBC_BANKARD
06/17/18,74170,RCBC_BANKARD
05/16/18,87513,RCBC_BANKARD
03/22/19,86061,RCBC_BANKARD
09/23/18,63350,RCBC_BANKARD
10/21/18,60397,RCBC_BANKARD
01/27/18,91799,RCBC_BANKARD
03/25/19,71551,RCBC_BANKARD
03/15/19,77476,RCBC_BANKARD
09/22/18,66127,RCBC_BANKARD
04/27/18,66469,RCBC_BANKARD
08/19/18,70123,RCBC_BANKARD
03/13/18,53583,RCBC_BANKARD
02/21/19,94905,RCBC_BANKARD
12/09/18,77525,RCBC_BANKARD
02/20/18,55594,RCBC_BANKARD
05/17/18,73554,RCBC_BANKARD
09/06/18,81420,RCBC_BANKARD
09/26/18,56021,RCBC_BANKARD
11/09/18,89968,RCBC_BANKARD
12/31/18,57522,RCBC_BANKARD
11/14/18,86238,RCBC_BANKARD
03/20/18,75512,RCBC_BANKARD
01/28/18,84434,RCBC_BANKARD
12/23/18,72898,RCBC_BANKARD
09/03/18,88687,RCBC_BANKARD
07/02/18,94392,RCBC_BANKARD
08/06/18,60390,RCBC_BANKARD
08/29/18,59714,RCBC_BANKARD
03/16/19,96488,RCBC_BANKARD
04/27/18,76820,RCBC_BANKARD
01/06/18,81318,RCBC_BANKARD
02/16/18,66270,RCBC_BANKARD
11/11/18,73804,RCBC_BANKARD
04/09/18,70103,RCBC_BANKARD
04/10/18,55953,RCBC_BANKARD
11/04/18,80903,RCBC_BANKARD
02/27/18,80228,RCBC_BANKARD
11/20/18,95062,RCBC_BANKARD
11/19/18,70222,RCBC_BANKARD
11/21/18,89003,RCBC_BANKARD
10/29/18,63097,RCBC_BANKARD
02/23/18,71606,RCBC_BANKARD
02/26/19,69294,RCBC_BANKARD
05/03/18,81165,RCBC_BANKARD
09/07/18,63734,RCBC_BANKARD
03/17/18,69440,RCBC_BANKARD
07/23/18,84651,RCBC_BANKARD
03/08/18,52518,RCBC_BANKARD
05/01/18,61036,RCBC_BANKARD
03/18/18,84288,RCBC_BANKARD
04/11/18,75259,RCBC_BANKARD
10/08/18,92692,RCBC_BANKARD
03/02/19,80300,RCBC_BANKARD
06/20/18,90688,RCBC_BANKARD
01/05/19,60621,RCBC_BANKARD
03/01/19,78564,RCBC_BANKARD
08/29/18,72331,RCBC_BANKARD
03/22/18,89751,RCBC_BANKARD
11/10/18,69057,RCBC_BANKARD
12/23/18,96996,RCBC_BANKARD
03/15/18,80341,RCBC_BANKARD
02/18/19,61116,RCBC_BANKARD
01/21/19,58997,RCBC_BANKARD
03/06/18,69657,RCBC_BANKARD
02/01/19,98668,RCBC_BANKARD
02/15/19,99414,RCBC_BANKARD
07/12/18,68640,RCBC_BANKARD
06/04/18,60223,RCBC_BANKARD
01/09/18,50788,RCBC_BANKARD
12/31/18,91937,RCBC_BANKARD
09/09/18,79674,RCBC_BANKARD
08/22/18,52976,RCBC_BANKARD
03/04/18,94651,RCBC_BANKARD
05/02/18,74053,RCBC_BANKARD
03/28/18,58719,RCBC_BANKARD
08/16/18,93328,RCBC_BANKARD
03/10/18,78860,RCBC_BANKARD
01/11/18,94018,RCBC_BANKARD
12/16/18,85367,RCBC_BANKARD
05/02/18,69899,RCBC_BANKARD
04/26/18,82483,RCBC_BANKARD
09/08/18,91099,RCBC_BANKARD
03/16/18,81951,RCBC_BANKARD
11/29/18,83995,RCBC_BANKARD
03/11/19,50035,RCBC_BANKARD
09/10/18,62156,RCBC_BANKARD
12/16/18,98960,RCBC_BANKARD
02/05/19,53076,RCBC_BANKARD
10/04/18,95447,RCBC_BANKARD
10/19/18,58215,RCBC_BANKARD
04/09/18,77269,RCBC_BANKARD
01/30/18,52049,RCBC_BANKARD
11/15/18,83210,RCBC_BANKARD
05/10/18,93183,RCBC_BANKARD
09/07/18,63118,RCBC_BANKARD
02/25/18,95639,RCBC_BANKARD
01/29/19,99125,RCBC_BANKARD
02/12/19,73653,RCBC_BANKARD
10/04/18,96865,RCBC_BANKARD
09/04/18,71014,RCBC_BANKARD
03/05/19,83068,RCBC_BANKARD
03/25/19,82544,RCBC_BANKARD
01/20/18,81991,RCBC_BANKARD
03/29/19,93953,RCBC_BANKARD
02/22/19,66390,RCBC_BANKARD
03/07/19,57768,RCBC_BANKARD
03/20/18,78833,RCBC_BANKARD
11/06/18,88232,RCBC_BANKARD
12/12/18,92201,RCBC_BANKARD
04/14/18,51017,RCBC_BANKARD
09/19/18,56508,RCBC_BANKARD
05/26/18,99422,RCBC_BANKARD
09/29/18,93946,RCBC_BANKARD
12/13/18,61271,RCBC_BANKARD
02/19/19,99727,RCBC_BANKARD
08/07/18,97107,RCBC_BANKARD
01/22/18,58481,RCBC_BANKARD
12/15/18,54264,RCBC_BANKARD
12/20/18,69306,RCBC_BANKARD
01/22/18,56806,RCBC_BANKARD
10/10/18,94464,RCBC_BANKARD
06/06/18,81267,RCBC_BANKARD
11/13/18,79815,RCBC_BANKARD
08/25/18,76877,RCBC_BANKARD
07/02/18,86983,RCBC_BANKARD
10/07/18,88935,RCBC_BANKARD
03/18/19,75959,RCBC_BANKARD
12/03/18,93490,RCBC_BANKARD
01/06/18,97610,RCBC_BANKARD
04/06/18,70411,RCBC_BANKARD
10/18/18,94350,RCBC_BANKARD
11/03/18,90659,RCBC_BANKARD
09/08/18,94215,RCBC_BANKARD
03/30/19,76354,RCBC_BANKARD
11/19/18,62527,RCBC_BANKARD
12/16/18,90937,RCBC_BANKARD
04/19/18,75859,RCBC_BANKARD
03/20/19,68302,RCBC_BANKARD
03/17/19,65062,RCBC_BANKARD
02/02/18,74350,RCBC_BANKARD
06/21/18,80123,RCBC_BANKARD
06/23/18,92939,RCBC_BANKARD
11/20/18,92513,RCBC_BANKARD
06/13/18,96754,RCBC_BANKARD
01/24/19,99197,RCBC_BANKARD
03/20/18,88114,RCBC_BANKARD
04/13/18,82733,RCBC_BANKARD
07/16/18,72971,RCBC_BANKARD
12/27/18,56522,RCBC_BANKARD
10/17/18,68897,RCBC_BANKARD
01/31/19,75210,RCBC_BANKARD
03/19/18,55543,RCBC_BANKARD
01/23/18,65030,RCBC_BANKARD
10/22/18,50023,RCBC_BANKARD
06/16/18,78183,RCBC_BANKARD
02/16/18,75875,RCBC_BANKARD
03/05/18,80268,RCBC_BANKARD
07/13/18,63983,RCBC_BANKARD
02/21/19,62077,RCBC_BANKARD
01/24/19,51568,RCBC_BANKARD
03/07/19,82662,RCBC_BANKARD
03/26/18,87032,RCBC_BANKARD
08/24/18,51252,RCBC_BANKARD
04/22/18,97694,RCBC_BANKARD
01/28/18,85446,RCBC_BANKARD
01/31/18,56593,RCBC_BANKARD
12/12/18,80960,RCBC_BANKARD
02/06/19,93490,RCBC_BANKARD
12/10/18,88651,RCBC_BANKARD
01/24/18,70867,RCBC_BANKARD
09/17/18,67690,RCBC_BANKARD
03/21/18,95721,RCBC_BANKARD
11/03/18,60992,RCBC_BANKARD
02/27/18,77494,RCBC_BANKARD
03/14/18,59334,RCBC_BANKARD
02/27/19,55855,RCBC_BANKARD
08/06/18,83931,RCBC_BANKARD
02/28/18,87634,RCBC_BANKARD
02/12/18,59336,RCBC_BANKARD
06/30/18,80804,RCBC_BANKARD
06/08/18,81881,RCBC_BANKARD
03/05/18,74691,RCBC_BANKARD
01/06/18,80761,RCBC_BANKARD
10/09/18,53823,RCBC_BANKARD
02/04/19,67850,RCBC_BANKARD
02/05/19,77205,RCBC_BANKARD
07/30/18,66561,RCBC_BANKARD
07/05/18,82698,RCBC_BANKARD
06/17/18,51090,RCBC_BANKARD
03/20/19,50239,RCBC_BANKARD
01/20/19,61337,RCBC_BANKARD
10/24/18,88556,RCBC_BANKARD
09/27/18,82498,RCBC_BANKARD
03/05/19,85733,RCBC_BANKARD
02/18/18,59028,RCBC_BANKARD
01/21/18,66567,RCBC_BANKARD
02/15/19,75165,RCBC_BANKARD
03/01/19,64836,RCBC_BANKARD
03/06/18,94079,RCBC_BANKARD
04/11/18,51762,RCBC_BANKARD
02/15/19,97470,RCBC_BANKARD
06/01/18,78819,RCBC_BANKARD
06/26/18,51512,RCBC_BANKARD
12/25/18,62957,RCBC_BANKARD
01/29/19,98888,RCBC_BANKARD
01/16/19,82229,RCBC_BANKARD
11/01/18,80009,RCBC_BANKARD
08/21/18,63559,RCBC_BANKARD
07/08/18,99341,RCBC_BANKARD
02/03/19,59456,RCBC_BANKARD
02/12/18,85276,RCBC_BANKARD
02/01/19,55639,RCBC_BANKARD
12/21/18,60035,RCBC_BANKARD
05/27/18,74946,RCBC_BANKARD
12/07/18,72577,RCBC_BANKARD
02/24/19,96245,RCBC_BANKARD
09/24/18,71027,RCBC_BANKARD
03/04/18,65044,RCBC_BANKARD
02/19/19,99643,RCBC_BANKARD
09/28/18,87906,RCBC_BANKARD
08/19/18,93735,RCBC_BANKARD
09/04/18,96617,RCBC_BANKARD
07/06/18,68437,RCBC_BANKARD
11/01/18,67717,RCBC_BANKARD
07/18/18,80689,RCBC_BANKARD
03/27/18,91021,RCBC_BANKARD
03/03/18,84961,RCBC_BANKARD
01/19/18,75809,RCBC_BANKARD
08/25/18,82116,RCBC_BANKARD
02/27/19,93818,RCBC_BANKARD
12/24/18,74905,RCBC_BANKARD
11/24/18,60169,RCBC_BANKARD
07/25/18,62959,RCBC_BANKARD
01/17/18,70344,RCBC_BANKARD
01/12/19,93677,RCBC_BANKARD
03/21/19,69574,RCBC_BANKARD
01/23/18,98427,RCBC_BANKARD
08/05/18,97417,RCBC_BANKARD
07/12/18,74005,RCBC_BANKARD
02/10/18,63832,RCBC_BANKARD
02/03/18,83067,RCBC_BANKARD
06/06/18,68671,RCBC_BANKARD
05/17/18,60480,RCBC_BANKARD
03/06/18,88036,RCBC_BANKARD
10/20/18,93234,RCBC_BANKARD
11/27/18,89559,RCBC_BANKARD
03/06/18,70382,RCBC_BANKARD
08/16/18,60869,RCBC_BANKARD
07/01/18,92423,RCBC_BANKARD
11/22/18,60871,RCBC_BANKARD
07/31/18,85163,RCBC_BANKARD
01/29/18,85070,RCBC_BANKARD
05/19/18,81035,RCBC_BANKARD
06/30/18,98299,RCBC_BANKARD
10/07/18,54159,RCBC_BANKARD
08/29/18,81522,RCBC_BANKARD
08/12/18,55155,RCBC_BANKARD
06/03/18,66265,RCBC_BANKARD
07/14/18,97985,RCBC_BANKARD
07/21/18,62787,RCBC_BANKARD
02/03/18,70652,RCBC_BANKARD
05/25/18,68084,RCBC_BANKARD
09/05/18,85570,RCBC_BANKARD
09/10/18,58693,RCBC_BANKARD
02/12/19,87711,RCBC_BANKARD
05/11/18,68666,RCBC_BANKARD
05/31/18,64583,RCBC_BANKARD
04/30/18,96199,RCBC_BANKARD
05/05/18,58121,RCBC_BANKARD
08/17/18,80340,RCBC_BANKARD
02/07/18,63530,RCBC_BANKARD
01/11/19,88126,RCBC_BANKARD
09/29/18,65819,RCBC_BANKARD
01/27/19,83732,RCBC_BANKARD
05/04/18,91722,RCBC_BANKARD
07/09/18,82301,RCBC_BANKARD
12/22/18,80747,RCBC_BANKARD
07/20/18,97566,RCBC_BANKARD
01/28/18,80713,RCBC_BANKARD
11/24/18,83661,RCBC_BANKARD
02/04/18,77814,RCBC_BANKARD
03/27/19,95457,RCBC_BANKARD
10/03/18,52189,RCBC_BANKARD
09/22/18,68751,RCBC_BANKARD
02/14/18,97086,RCBC_BANKARD
03/11/19,50144,RCBC_BANKARD
08/24/18,96045,RCBC_BANKARD
03/07/18,87743,RCBC_BANKARD
12/05/18,89216,RCBC_BANKARD
11/19/18,97872,RCBC_BANKARD
08/26/18,66623,RCBC_BANKARD
11/03/18,76547,RCBC_BANKARD
04/02/18,81642,RCBC_BANKARD
11/04/18,80148,RCBC_BANKARD
02/04/18,62405,RCBC_BANKARD
12/20/18,90214,RCBC_BANKARD
07/24/18,53427,RCBC_BANKARD
12/23/18,86352,RCBC_BANKARD
01/21/19,53663,RCBC_BANKARD
04/15/18,59052,RCBC_BANKARD
08/08/18,52765,RCBC_BANKARD
10/28/18,82634,RCBC_BANKARD
03/08/18,72150,RCBC_BANKARD
07/24/18,68476,RCBC_BANKARD
02/14/18,59225,RCBC_BANKARD
03/15/19,97560,RCBC_BANKARD
10/10/18,84572,RCBC_BANKARD
11/09/18,96556,RCBC_BANKARD
01/25/19,77673,RCBC_BANKARD
03/15/18,92264,RCBC_BANKARD
12/01/18,54541,RCBC_BANKARD
10/27/18,68568,RCBC_BANKARD
08/02/18,85979,RCBC_BANKARD
12/02/18,63539,RCBC_BANKARD
01/17/18,97945,RCBC_BANKARD
08/25/18,90939,RCBC_BANKARD
01/05/19,57185,RCBC_BANKARD
06/13/18,71433,RCBC_BANKARD
02/04/18,57623,RCBC_BANKARD
08/16/18,61354,RCBC_BANKARD
06/10/18,51323,RCBC_BANKARD
01/02/19,76856,RCBC_BANKARD
06/15/18,94999,RCBC_BANKARD
02/25/18,72790,RCBC_BANKARD
03/14/19,74329,RCBC_BANKARD
11/11/18,87104,RCBC_BANKARD
10/14/18,99158,RCBC_BANKARD
12/17/18,80544,RCBC_BANKARD
11/26/18,69672,RCBC_BANKARD
07/02/18,72100,RCBC_BANKARD
12/04/18,77171,RCBC_BANKARD
02/16/19,77952,RCBC_BANKARD
02/08/18,84845,RCBC_BANKARD
02/04/19,92251,RCBC_BANKARD
01/05/19,55551,RCBC_BANKARD
01/25/18,89123,RCBC_BANKARD
07/02/18,86173,RCBC_BANKARD
02/01/18,59906,RCBC_BANKARD
11/06/18,79380,RCBC_BANKARD
07/24/18,82609,RCBC_BANKARD
08/15/18,84108,RCBC_BANKARD
05/22/18,55744,RCBC_BANKARD
06/11/18,94480,RCBC_BANKARD
07/18/18,60178,RCBC_BANKARD
10/28/18,59133,RCBC_BANKARD
06/10/18,63412,RCBC_BANKARD
06/19/18,84267,RCBC_BANKARD
06/06/18,62041,RCBC_BANKARD
06/09/18,59065,RCBC_BANKARD
01/19/19,52579,RCBC_BANKARD
10/03/18,74246,RCBC_BANKARD
04/15/18,61858,RCBC_BANKARD
11/06/18,53060,RCBC_BANKARD
02/02/18,80224,RCBC_BANKARD
02/12/18,70230,RCBC_BANKARD
02/02/19,94907,RCBC_BANKARD
12/28/18,51165,RCBC_BANKARD
02/26/19,58053,RCBC_BANKARD
09/29/18,64078,RCBC_BANKARD
09/07/18,80746,RCBC_BANKARD
09/27/18,73370,RCBC_BANKARD
10/15/18,86812,RCBC_BANKARD
10/06/18,62836,RCBC_BANKARD
08/24/18,78123,RCBC_BANKARD
12/01/18,81387,RCBC_BANKARD
07/06/18,78894,RCBC_BANKARD
09/08/18,57425,RCBC_BANKARD
07/12/18,86045,RCBC_BANKARD
04/01/18,90544,RCBC_BANKARD
06/01/18,93312,RCBC_BANKARD
04/23/18,50307,RCBC_BANKARD
08/10/18,81971,RCBC_BANKARD
09/24/18,56427,RCBC_BANKARD
11/18/18,83109,RCBC_BANKARD
10/26/18,85938,RCBC_BANKARD
11/28/18,75849,RCBC_BANKARD
09/04/18,94976,RCBC_BANKARD
02/14/19,72046,RCBC_BANKARD
08/22/18,55005,RCBC_BANKARD
10/10/18,64464,RCBC_BANKARD
02/28/18,95049,RCBC_BANKARD
07/17/18,50099,RCBC_BANKARD
01/10/18,61065,RCBC_BANKARD
04/18/18,90768,RCBC_BANKARD
08/22/18,66300,RCBC_BANKARD
04/04/18,78982,RCBC_BANKARD
06/07/18,54273,RCBC_BANKARD
10/21/18,73601,RCBC_BANKARD
11/05/18,52892,RCBC_BANKARD
01/17/19,59433,RCBC_BANKARD
07/03/18,86705,RCBC_BANKARD
02/27/19,86504,RCBC_BANKARD
02/03/19,93604,RCBC_BANKARD
02/01/19,94122,RCBC_BANKARD
02/01/18,80168,RCBC_BANKARD
10/27/18,64361,RCBC_BANKARD
03/05/18,69019,RCBC_BANKARD
03/11/19,96631,RCBC_BANKARD
07/28/18,86745,RCBC_BANKARD
02/20/18,95739,RCBC_BANKARD
02/04/19,81164,RCBC_BANKARD
04/12/18,90795,RCBC_BANKARD
04/29/18,68805,RCBC_BANKARD
01/20/19,59362,RCBC_BANKARD
10/01/18,83297,RCBC_BANKARD
01/13/19,78134,RCBC_BANKARD
11/29/18,57518,RCBC_BANKARD
03/14/19,76698,RCBC_BANKARD
03/26/19,56703,RCBC_BANKARD
02/13/18,71650,RCBC_BANKARD
12/03/18,78199,RCBC_BANKARD
02/04/19,83400,RCBC_BANKARD
06/14/18,52345,RCBC_BANKARD
05/27/18,70982,RCBC_BANKARD
12/22/18,66016,RCBC_BANKARD
11/18/18,52580,RCBC_BANKARD
09/02/18,51681,RCBC_BANKARD
02/10/18,86638,RCBC_BANKARD
05/31/18,56941,RCBC_BANKARD
02/21/18,90852,RCBC_BANKARD
04/25/18,94447,RCBC_BANKARD
01/25/19,52757,RCBC_BANKARD
04/14/18,55018,RCBC_BANKARD
03/18/18,90913,RCBC_BANKARD
06/26/18,79904,RCBC_BANKARD
09/18/18,85373,RCBC_BANKARD
08/20/18,60644,RCBC_BANKARD
06/23/18,81443,RCBC_BANKARD
10/13/18,51385,RCBC_BANKARD
05/07/18,57191,RCBC_BANKARD
01/22/18,64270,RCBC_BANKARD
03/13/18,51171,RCBC_BANKARD
06/14/18,88560,RCBC_BANKARD
03/30/18,67403,RCBC_BANKARD
02/28/18,99723,RCBC_BANKARD
01/08/19,97382,RCBC_BANKARD
02/11/18,65842,RCBC_BANKARD
06/17/18,83962,RCBC_BANKARD
07/23/18,55763,RCBC_BANKARD
01/12/19,90317,RCBC_BANKARD
05/16/18,75476,RCBC_BANKARD
05/28/18,81506,RCBC_BANKARD
03/25/19,51502,RCBC_BANKARD
02/04/19,75623,RCBC_BANKARD
04/12/18,52278,RCBC_BANKARD
07/18/18,99874,RCBC_BANKARD
02/05/19,53606,RCBC_BANKARD
01/03/18,52086,RCBC_BANKARD
10/20/18,57550,RCBC_BANKARD
01/11/18,92123,RCBC_BANKARD
03/12/19,57574,RCBC_BANKARD
05/30/18,70464,RCBC_BANKARD
03/18/19,90186,RCBC_BANKARD
01/16/19,85073,RCBC_BANKARD
09/25/18,95806,RCBC_BANKARD
02/12/18,69426,RCBC_BANKARD
02/07/19,96423,RCBC_BANKARD
05/16/18,60732,RCBC_BANKARD
01/19/18,78260,RCBC_BANKARD
09/27/18,61795,RCBC_BANKARD
03/10/19,53256,RCBC_BANKARD
12/26/18,96130,RCBC_BANKARD
09/15/18,81788,RCBC_BANKARD
02/16/19,79848,RCBC_BANKARD
01/31/18,82039,RCBC_BANKARD
10/25/18,78381,RCBC_BANKARD
11/25/18,93757,RCBC_BANKARD
04/30/18,83507,RCBC_BANKARD
06/29/18,81017,RCBC_BANKARD
11/18/18,60888,RCBC_BANKARD
08/22/18,52422,RCBC_BANKARD
11/24/18,98208,RCBC_BANKARD
08/18/18,94444,RCBC_BANKARD
08/20/18,81047,RCBC_BANKARD
01/08/19,87833,RCBC_BANKARD
12/01/18,57513,RCBC_BANKARD
12/03/18,61147,RCBC_BANKARD
03/07/19,85795,RCBC_BANKARD
01/13/18,85628,RCBC_BANKARD
04/08/18,69931,RCBC_BANKARD
07/11/18,86044,RCBC_BANKARD
09/08/18,80993,RCBC_BANKARD
02/01/19,68547,RCBC_BANKARD
11/15/18,85776,RCBC_BANKARD
11/10/18,51668,RCBC_BANKARD
01/01/19,74172,RCBC_BANKARD
06/30/18,69549,RCBC_BANKARD
12/06/18,90781,RCBC_BANKARD
03/12/19,77519,RCBC_BANKARD
01/12/18,90237,RCBC_BANKARD
01/15/19,61711,RCBC_BANKARD
04/29/18,60073,RCBC_BANKARD
01/30/18,55376,RCBC_BANKARD
11/30/18,63726,RCBC_BANKARD
07/14/18,92391,RCBC_BANKARD
11/18/18,65221,RCBC_BANKARD
03/28/19,62419,RCBC_BANKARD
01/06/18,62472,CAR_LOAN
09/29/18,95469,CAR_LOAN
05/08/18,72426,CAR_LOAN
01/28/19,79404,CAR_LOAN
09/14/18,72571,CAR_LOAN
03/27/19,70239,CAR_LOAN
02/22/19,56836,CAR_LOAN
09/06/18,57166,CAR_LOAN
06/22/18,76133,CAR_LOAN
03/11/18,74222,CAR_LOAN
05/08/18,82532,CAR_LOAN
12/07/18,66725,CAR_LOAN
02/21/19,60573,CAR_LOAN
08/11/18,72961,CAR_LOAN
06/25/18,68092,CAR_LOAN
07/01/18,59985,CAR_LOAN
08/27/18,54625,CAR_LOAN
10/30/18,50628,CAR_LOAN
01/28/19,64931,CAR_LOAN
03/07/18,72952,CAR_LOAN
01/06/19,96992,CAR_LOAN
06/03/18,61342,CAR_LOAN
10/08/18,99059,CAR_LOAN
07/13/18,57048,CAR_LOAN
05/29/18,56364,CAR_LOAN
02/23/18,52484,CAR_LOAN
08/14/18,54520,CAR_LOAN
02/22/19,54931,CAR_LOAN
09/07/18,77147,CAR_LOAN
04/30/18,94902,CAR_LOAN
07/19/18,96127,CAR_LOAN
05/11/18,66229,CAR_LOAN
01/29/19,62560,CAR_LOAN
02/24/18,67159,CAR_LOAN
11/20/18,70338,CAR_LOAN
09/20/18,91991,CAR_LOAN
03/13/18,58999,CAR_LOAN
03/21/19,78217,CAR_LOAN
01/22/19,73766,CAR_LOAN
09/02/18,73130,CAR_LOAN
12/15/18,87206,CAR_LOAN
11/24/18,93712,CAR_LOAN
09/12/18,51711,CAR_LOAN
08/01/18,87490,CAR_LOAN
12/10/18,70028,CAR_LOAN
01/27/19,58711,CAR_LOAN
02/15/19,95249,CAR_LOAN
01/19/19,63387,CAR_LOAN
08/24/18,88363,CAR_LOAN
09/25/18,74638,CAR_LOAN
11/20/18,53698,CAR_LOAN
05/05/18,61121,CAR_LOAN
10/14/18,70870,CAR_LOAN
07/31/18,58752,CAR_LOAN
01/08/18,63980,CAR_LOAN
12/03/18,92891,CAR_LOAN
06/04/18,54447,CAR_LOAN
11/11/18,56485,CAR_LOAN
09/28/18,98596,CAR_LOAN
07/10/18,80910,CAR_LOAN
10/03/18,79293,CAR_LOAN
06/21/18,57813,CAR_LOAN
05/26/18,60268,CAR_LOAN
02/14/19,73770,CAR_LOAN
11/06/18,90338,CAR_LOAN
07/26/18,54028,CAR_LOAN
07/09/18,65406,CAR_LOAN
12/25/18,59452,CAR_LOAN
02/24/19,65884,CAR_LOAN
04/25/18,68271,CAR_LOAN
10/02/18,86197,CAR_LOAN
12/12/18,51526,CAR_LOAN
03/17/19,89951,CAR_LOAN
01/19/18,93257,CAR_LOAN
03/01/18,50317,CAR_LOAN
02/27/19,72571,CAR_LOAN
01/06/18,73023,CAR_LOAN
10/28/18,50647,CAR_LOAN
05/03/18,52095,CAR_LOAN
10/09/18,89786,CAR_LOAN
01/29/18,72339,CAR_LOAN
01/06/19,80543,CAR_LOAN
11/02/18,73923,CAR_LOAN
10/06/18,93167,CAR_LOAN
06/05/18,86345,CAR_LOAN
04/24/18,64777,CAR_LOAN
10/10/18,62842,CAR_LOAN
02/08/19,65630,CAR_LOAN
01/12/19,82402,CAR_LOAN
01/17/19,79153,CAR_LOAN
11/20/18,76615,CAR_LOAN
12/25/18,95243,CAR_LOAN
01/18/19,72958,CAR_LOAN
12/18/18,98792,CAR_LOAN
06/02/18,51990,CAR_LOAN
09/30/18,92303,CAR_LOAN
01/27/18,64917,CAR_LOAN
03/30/18,67108,CAR_LOAN
01/31/18,63915,CAR_LOAN
07/07/18,68768,CAR_LOAN
02/08/19,92136,CAR_LOAN
05/19/18,78126,CAR_LOAN
12/29/18,88708,CAR_LOAN
02/17/18,52664,CAR_LOAN
08/30/18,70791,CAR_LOAN
12/15/18,92499,CAR_LOAN
01/06/19,72498,CAR_LOAN
11/26/18,67288,CAR_LOAN
07/17/18,65871,CAR_LOAN
07/15/18,75376,CAR_LOAN
08/30/18,58639,CAR_LOAN
01/16/19,55376,CAR_LOAN
02/16/18,57149,CAR_LOAN
10/22/18,59055,CAR_LOAN
01/07/18,73307,CAR_LOAN
06/18/18,84702,CAR_LOAN
03/11/19,59087,CAR_LOAN
02/15/19,52982,CAR_LOAN
04/17/18,94675,CAR_LOAN
03/03/18,75055,CAR_LOAN
03/19/19,81651,CAR_LOAN
03/17/18,74737,CAR_LOAN
04/08/18,80175,CAR_LOAN
02/16/18,54003,CAR_LOAN
09/09/18,50168,CAR_LOAN
07/06/18,51911,CAR_LOAN
07/07/18,93538,CAR_LOAN
07/12/18,77949,CAR_LOAN
03/26/19,97614,CAR_LOAN
03/24/19,94211,CAR_LOAN
09/26/18,75228,CAR_LOAN
02/11/19,81395,CAR_LOAN
05/08/18,62834,CAR_LOAN
04/05/18,66616,CAR_LOAN
08/14/18,90699,CAR_LOAN
11/17/18,93882,CAR_LOAN
10/20/18,72958,CAR_LOAN
01/11/18,96670,CAR_LOAN
02/09/18,70006,CAR_LOAN
03/21/18,85720,CAR_LOAN
11/19/18,78941,CAR_LOAN
11/11/18,78180,CAR_LOAN
01/13/19,98509,CAR_LOAN
04/02/18,97938,CAR_LOAN
03/20/19,63210,CAR_LOAN
04/25/18,68794,CAR_LOAN
09/10/18,61430,CAR_LOAN
03/24/19,65851,CAR_LOAN
07/27/18,81386,CAR_LOAN
12/20/18,68392,CAR_LOAN
01/23/18,75116,CAR_LOAN
05/15/18,98305,CAR_LOAN
09/29/18,66478,CAR_LOAN
02/22/19,98822,CAR_LOAN
09/06/18,97090,CAR_LOAN
09/04/18,86822,CAR_LOAN
04/02/18,71722,CAR_LOAN
10/22/18,66671,CAR_LOAN
09/29/18,77602,CAR_LOAN
06/08/18,56200,CAR_LOAN
03/10/18,91980,CAR_LOAN
02/15/19,63210,CAR_LOAN
12/02/18,98052,CAR_LOAN
03/18/19,85252,CAR_LOAN
02/09/18,93192,CAR_LOAN
06/18/18,86457,CAR_LOAN
01/24/19,62937,CAR_LOAN
07/19/18,85060,CAR_LOAN
09/30/18,78251,CAR_LOAN
10/14/18,90863,CAR_LOAN
05/26/18,99129,CAR_LOAN
12/15/18,95534,CAR_LOAN
08/13/18,55875,CAR_LOAN
08/31/18,86626,CAR_LOAN
03/13/19,87925,CAR_LOAN
09/20/18,81727,CAR_LOAN
01/01/18,92415,CAR_LOAN
03/22/18,94087,CAR_LOAN
10/02/18,78643,CAR_LOAN
01/07/19,50124,CAR_LOAN
06/05/18,77956,CAR_LOAN
09/03/18,70900,CAR_LOAN
02/03/18,80836,CAR_LOAN
10/27/18,97923,CAR_LOAN
10/25/18,84300,CAR_LOAN
01/08/18,85679,CAR_LOAN
03/24/19,97182,CAR_LOAN
08/24/18,57747,CAR_LOAN
12/09/18,82596,CAR_LOAN
11/29/18,90304,CAR_LOAN
04/27/18,50232,CAR_LOAN
03/11/18,88286,CAR_LOAN
01/27/18,88925,CAR_LOAN
10/20/18,88714,CAR_LOAN
01/05/19,94633,CAR_LOAN
03/02/19,68111,CAR_LOAN
12/14/18,98074,CAR_LOAN
10/14/18,56684,CAR_LOAN
11/18/18,58266,CAR_LOAN
10/19/18,72593,CAR_LOAN
02/13/19,73890,CAR_LOAN
04/09/18,81445,CAR_LOAN
03/20/19,73819,CAR_LOAN
03/30/19,73118,CAR_LOAN
12/09/18,69172,CAR_LOAN
01/02/18,64471,CAR_LOAN
11/08/18,55572,CAR_LOAN
01/24/19,62205,CAR_LOAN
06/22/18,90287,CAR_LOAN
10/03/18,79941,CAR_LOAN
01/02/18,96585,CAR_LOAN
07/15/18,84056,CAR_LOAN
06/06/18,58358,CAR_LOAN
06/07/18,63796,CAR_LOAN
05/19/18,71979,CAR_LOAN
07/15/18,94220,CAR_LOAN
09/05/18,53515,CAR_LOAN
03/07/19,60651,CAR_LOAN
05/08/18,53227,CAR_LOAN
03/22/18,74953,CAR_LOAN
03/13/19,67430,CAR_LOAN
12/17/18,90159,CAR_LOAN
02/22/19,79971,CAR_LOAN
02/26/19,97797,CAR_LOAN
07/21/18,94923,CAR_LOAN
01/11/19,90853,CAR_LOAN
02/09/18,85340,CAR_LOAN
02/11/18,78036,CAR_LOAN
02/27/18,69761,CAR_LOAN
10/09/18,68497,CAR_LOAN
04/07/18,51224,CAR_LOAN
07/25/18,76522,CAR_LOAN
03/17/18,61894,CAR_LOAN
08/21/18,80679,CAR_LOAN
04/27/18,97972,CAR_LOAN
10/20/18,88777,CAR_LOAN
03/29/18,89616,CAR_LOAN
09/22/18,63372,CAR_LOAN
01/02/18,62283,CAR_LOAN
11/30/18,88645,CAR_LOAN
11/07/18,59949,CAR_LOAN
01/31/19,50488,CAR_LOAN
10/11/18,63160,CAR_LOAN
01/01/18,80634,CAR_LOAN
06/05/18,65058,CAR_LOAN
01/26/19,74495,CAR_LOAN
01/11/19,59978,CAR_LOAN
08/16/18,83714,CAR_LOAN
11/18/18,67397,CAR_LOAN
02/23/18,84488,CAR_LOAN
02/24/18,92299,CAR_LOAN
08/02/18,88444,CAR_LOAN
04/22/18,83251,CAR_LOAN
04/19/18,88161,CAR_LOAN
02/10/18,53593,CAR_LOAN
12/26/18,52984,CAR_LOAN
09/01/18,62358,CAR_LOAN
01/05/19,90639,CAR_LOAN
04/02/18,76847,CAR_LOAN
08/23/18,79924,CAR_LOAN
07/20/18,91883,CAR_LOAN
09/14/18,51384,CAR_LOAN
12/08/18,85101,CAR_LOAN
03/03/19,82899,CAR_LOAN
11/17/18,84423,CAR_LOAN
03/01/19,90544,CAR_LOAN
10/05/18,53936,CAR_LOAN
04/18/18,60871,CAR_LOAN
02/08/19,52984,CAR_LOAN
09/28/18,97180,CAR_LOAN
03/28/19,76929,CAR_LOAN
04/04/18,97494,CAR_LOAN
02/13/19,97285,CAR_LOAN
05/21/18,85738,CAR_LOAN
01/17/18,53661,CAR_LOAN
06/01/18,60341,CAR_LOAN
10/09/18,58092,CAR_LOAN
10/20/18,50815,CAR_LOAN
01/13/19,87510,CAR_LOAN
11/05/18,79206,CAR_LOAN
02/13/18,91377,CAR_LOAN
08/22/18,59288,CAR_LOAN
11/08/18,61641,CAR_LOAN
03/16/18,62297,CAR_LOAN
01/16/18,73054,CAR_LOAN
01/25/19,82243,CAR_LOAN
01/20/18,75346,CAR_LOAN
06/27/18,90653,CAR_LOAN
06/26/18,58081,CAR_LOAN
10/25/18,66271,CAR_LOAN
01/07/18,94846,CAR_LOAN
04/06/18,82083,CAR_LOAN
11/09/18,84034,CAR_LOAN
03/03/18,98112,CAR_LOAN
10/10/18,95069,CAR_LOAN
05/03/18,99307,CAR_LOAN
02/05/18,85462,CAR_LOAN
01/29/19,73839,CAR_LOAN
12/01/18,55585,CAR_LOAN
11/20/18,90411,CAR_LOAN
12/24/18,60072,CAR_LOAN
01/14/19,94661,CAR_LOAN
08/28/18,65247,CAR_LOAN
01/06/18,74291,CAR_LOAN
03/03/18,93154,CAR_LOAN
09/30/18,54307,CAR_LOAN
02/12/19,78652,CAR_LOAN
03/20/19,79597,CAR_LOAN
11/10/18,56410,CAR_LOAN
01/29/19,55196,CAR_LOAN
09/05/18,73914,CAR_LOAN
03/16/18,75545,CAR_LOAN
12/13/18,73094,CAR_LOAN
01/18/18,53314,CAR_LOAN
11/27/18,90708,CAR_LOAN
12/18/18,70456,CAR_LOAN
09/08/18,98931,CAR_LOAN
09/11/18,94824,CAR_LOAN
02/05/18,95736,CAR_LOAN
03/26/18,50609,CAR_LOAN
06/10/18,91158,CAR_LOAN
09/20/18,91020,CAR_LOAN
05/21/18,97464,CAR_LOAN
01/09/18,58755,CAR_LOAN
03/03/19,64524,CAR_LOAN
05/28/18,60540,CAR_LOAN
06/25/18,86587,CAR_LOAN
06/30/18,76916,CAR_LOAN
03/09/19,71766,CAR_LOAN
03/14/18,95796,CAR_LOAN
07/12/18,71040,CAR_LOAN
04/20/18,84884,CAR_LOAN
03/09/18,92452,CAR_LOAN
02/17/19,89649,CAR_LOAN
07/12/18,59962,CAR_LOAN
05/01/18,69599,CAR_LOAN
01/03/18,90890,CAR_LOAN
02/11/19,94104,CAR_LOAN
02/14/18,74210,CAR_LOAN
10/14/18,92696,CAR_LOAN
07/05/18,93727,CAR_LOAN
03/28/18,98752,CAR_LOAN
03/08/19,55007,CAR_LOAN
10/05/18,82153,CAR_LOAN
04/26/18,99651,CAR_LOAN
02/06/19,98539,CAR_LOAN
03/27/18,79255,CAR_LOAN
04/21/18,77005,CAR_LOAN
04/30/18,77227,CAR_LOAN
11/30/18,84101,CAR_LOAN
10/24/18,88324,CAR_LOAN
10/09/18,72133,CAR_LOAN
11/02/18,89348,CAR_LOAN
03/29/19,62912,CAR_LOAN
02/05/19,65285,CAR_LOAN
09/03/18,60683,CAR_LOAN
08/27/18,55833,CAR_LOAN
06/13/18,78412,CAR_LOAN
03/10/18,62185,CAR_LOAN
09/03/18,85089,CAR_LOAN
09/09/18,50385,CAR_LOAN
12/24/18,94599,CAR_LOAN
07/03/18,94624,CAR_LOAN
01/16/18,55967,CAR_LOAN
12/28/18,56367,CAR_LOAN
06/12/18,71019,CAR_LOAN
06/30/18,81202,CAR_LOAN
01/15/18,70595,CAR_LOAN
11/25/18,87168,CAR_LOAN
01/29/19,99753,CAR_LOAN
05/07/18,51024,CAR_LOAN
02/12/19,64713,CAR_LOAN
06/23/18,61927,CAR_LOAN
02/19/19,83341,CAR_LOAN
01/14/19,86586,CAR_LOAN
06/28/18,96435,CAR_LOAN
06/24/18,71385,CAR_LOAN
02/08/19,64105,CAR_LOAN
08/10/18,59042,CAR_LOAN
06/22/18,63552,CAR_LOAN
06/05/18,76703,CAR_LOAN
10/16/18,71474,CAR_LOAN
01/25/19,74250,CAR_LOAN
08/11/18,87679,CAR_LOAN
10/25/18,55248,CAR_LOAN
03/28/19,90347,CAR_LOAN
12/14/18,85710,CAR_LOAN
09/01/18,96773,CAR_LOAN
07/02/18,59905,CAR_LOAN
12/20/18,79565,CAR_LOAN
11/08/18,71170,CAR_LOAN
02/20/18,74148,CAR_LOAN
11/05/18,87933,CAR_LOAN
03/25/18,81238,CAR_LOAN
09/01/18,90845,CAR_LOAN
07/08/18,75986,CAR_LOAN
08/04/18,70111,CAR_LOAN
05/16/18,79910,CAR_LOAN
01/27/19,83941,CAR_LOAN
01/17/18,82142,CAR_LOAN
06/14/18,81494,CAR_LOAN
11/06/18,82537,CAR_LOAN
06/21/18,79531,CAR_LOAN
09/02/18,96400,CAR_LOAN
05/14/18,90692,CAR_LOAN
03/18/18,65740,CAR_LOAN
01/18/18,53071,CAR_LOAN
08/21/18,82983,CAR_LOAN
08/21/18,68677,CAR_LOAN
01/31/19,71061,CAR_LOAN
03/24/18,87474,CAR_LOAN
06/11/18,88629,CAR_LOAN
01/09/19,52181,CAR_LOAN
03/04/18,78317,CAR_LOAN
12/02/18,99773,CAR_LOAN
03/05/18,88839,CAR_LOAN
12/24/18,76580,CAR_LOAN
02/25/19,51015,CAR_LOAN
10/31/18,97524,CAR_LOAN
03/22/19,88699,CAR_LOAN
10/07/18,66853,CAR_LOAN
02/24/19,65103,CAR_LOAN
05/07/18,64330,CAR_LOAN
09/06/18,75531,CAR_LOAN
07/13/18,88254,CAR_LOAN
10/10/18,83595,CAR_LOAN
05/13/18,55872,CAR_LOAN
10/16/18,71563,CAR_LOAN
03/21/19,53991,CAR_LOAN
01/27/19,75597,CAR_LOAN
05/13/18,92474,CAR_LOAN
03/25/18,73237,CAR_LOAN
01/03/18,81290,CAR_LOAN
02/05/19,51575,CAR_LOAN
12/12/18,97809,CAR_LOAN
07/06/18,95974,CAR_LOAN
04/07/18,76022,CAR_LOAN
03/10/19,61486,CAR_LOAN
05/12/18,94750,CAR_LOAN
12/19/18,54122,CAR_LOAN
11/09/18,65440,CAR_LOAN
11/16/18,62177,CAR_LOAN
12/21/18,82686,CAR_LOAN
05/17/18,66774,CAR_LOAN
11/10/18,52955,CAR_LOAN
05/06/18,50037,CAR_LOAN
12/25/18,86356,CAR_LOAN
03/19/18,57090,CAR_LOAN
02/02/19,82217,CAR_LOAN
03/02/18,78139,CAR_LOAN
